Element_no.,node_1,node_2,node_3
1,158,1344,1034
2,842,1350,142
3,1051,1353,186
4,158,1386,1344
5,897,1095,144
6,186,1385,1051
7,178,1152,827
8,164,1357,822
9,952,955,188
10,167,934,884
11,142,1377,842
12,1027,1028,763
13,858,860,159
14,171,1015,973
15,166,944,833
16,884,1359,167
17,156,1009,831
18,146,1361,886
19,175,849,835
20,828,1366,154
21,144,1380,897
22,156,953,44
23,191,1346,839
24,996,1042,1041
25,822,1379,164
26,1041,1364,996
27,851,993,859
28,827,1378,178
29,188,1387,952
30,149,864,841
31,973,1362,171
32,159,1390,858
33,886,1376,146
34,175,1381,849
35,851,1391,993
36,44,953,43
37,182,841,840
38,763,1375,1027
39,154,1374,828
40,839,1382,191
41,944,1373,833
42,831,1372,156
43,950,951,161
44,824,1366,828
45,181,839,837
46,983,1389,1006
47,1009,1369,831
48,1359,1361,116
49,109,1366,1357
50,148,850,849
51,886,1361,885
52,840,842,182
53,1264,1388,170
54,1015,1367,973
55,885,1359,884
56,1350,1360,142
57,951,952,161
58,156,1372,953
59,837,858,181
60,148,851,850
61,1028,1365,763
62,822,1357,824
63,833,1370,166
64,825,1386,1061
65,996,1364,995
66,189,1353,1051
67,841,1384,149
68,820,1385,1094
69,862,1264,170
70,934,1358,884
71,191,1352,1346
72,1006,1389,174
73,879,1380,1081
74,1094,1379,820
75,885,1361,1359
76,1357,1366,824
77,170,1388,927
78,1061,1378,825
79,861,1268,836
80,834,1347,859
81,182,1384,841
82,1152,1363,827
83,1006,1376,983
84,859,1347,852
85,767,858,837
86,1347,1351,852
87,897,1367,1095
88,860,1365,159
89,149,1375,864
90,835,1369,175
91,1061,1386,158
92,1344,1371,1034
93,971,1362,973
94,850,861,836
95,535,1268,861
96,852,1351,861
97,951,954,952
98,851,852,850
99,1081,1393,879
100,955,1368,188
101,767,860,858
102,1094,1385,186
103,954,962,578
104,1355,1368,192
105,578,956,954
106,1368,1434,192
107,578,959,956
108,951,962,954
109,840,1348,842
110,161,1383,950
111,996,1371,1042
112,759,960,959
113,759,961,960
114,759,959,571
115,571,959,578
116,954,955,952
117,961,1342,819
118,851,859,852
119,759,1342,961
120,852,861,850
121,956,959,958
122,959,960,958
123,181,1382,839
124,635,860,767
125,761,860,635
126,1005,1438,1374
127,954,956,955
128,956,957,955
129,956,958,957
130,764,872,864
131,864,872,765
132,773,1324,1312
133,1281,1320,868
134,1007,1093,163
135,1205,1339,140
136,1312,1324,711
137,765,872,658
138,355,1087,359
139,1013,1014,889
140,867,1258,143
141,742,1093,1007
142,150,1014,1013
143,143,1258,91
144,1191,1300,173
145,150,1276,1014
146,872,1212,658
147,359,1087,871
148,882,1287,883
149,855,1002,877
150,183,1013,889
151,402,1244,405
152,888,1205,169
153,534,1229,1194
154,405,873,407
155,869,874,418
156,658,1212,874
157,1099,1246,922
158,865,1300,1191
159,405,1244,873
160,658,874,656
161,407,873,418
162,418,873,869
163,991,1149,573
164,1276,1326,1014
165,877,1003,855
166,877,1002,876
167,865,1315,153
168,1051,1147,189
169,1194,1229,875
170,1122,1295,1293
171,909,1283,626
172,183,889,866
173,525,1287,882
174,656,874,869
175,1246,1249,922
176,989,1149,991
177,876,1002,569
178,143,1245,867
179,975,1282,977
180,720,1315,865
181,193,1343,173
182,372,1087,355
183,75,1332,163
184,169,1320,1281
185,169,1281,888
186,1145,1266,848
187,866,1120,183
188,911,1301,401
189,1050,1147,1051
190,904,1286,899
191,949,962,951
192,938,1011,936
193,875,920,442
194,570,1149,989
195,504,1018,502
196,525,1275,524
197,153,1300,865
198,898,985,774
199,91,1258,90
200,576,1269,521
201,537,949,947
202,582,915,760
203,537,962,949
204,777,1217,1180
205,857,916,915
206,768,1181,583
207,661,1226,920
208,888,1339,1205
209,899,985,898
210,400,900,890
211,890,901,400
212,401,1244,402
213,442,1194,875
214,880,881,556
215,723,1312,711
216,1087,1324,773
217,163,1332,1007
218,725,1215,1165
219,794,1283,909
220,892,893,309
221,1180,1217,327
222,919,1049,184
223,973,1058,972
224,867,1245,708
225,904,914,692
226,184,1050,919
227,461,1040,367
228,1311,1319,265
229,977,1282,677
230,881,1184,556
231,1059,1299,1038
232,556,1104,880
233,570,989,986
234,1120,1245,143
235,584,915,582
236,714,1326,1276
237,1140,1278,333
238,331,1086,329
239,845,1054,986
240,569,878,876
241,1318,1325,734
242,774,1309,898
243,866,1245,1120
244,1315,1328,153
245,1133,1208,336
246,890,940,901
247,882,1275,525
248,359,1246,1099
249,985,1018,504
250,612,1215,725
251,1239,1254,1127
252,1033,1212,788
253,915,916,760
254,546,1113,910
255,1048,1299,1059
256,922,1186,1099
257,418,874,659
258,782,1142,1075
259,893,894,309
260,901,940,925
261,925,940,645
262,903,1281,868
263,939,1154,1023
264,520,972,576
265,919,1238,1049
266,165,1011,938
267,283,1045,431
268,506,878,507
269,562,903,636
270,680,1290,802
271,1293,1295,724
272,991,1266,1145
273,637,895,871
274,871,1246,359
275,439,942,436
276,896,1269,576
277,660,935,199
278,367,1040,1000
279,1033,1243,424
280,502,1018,523
281,576,1058,896
282,636,903,868
283,918,1050,821
284,1024,1236,372
285,396,900,400
286,436,942,437
287,578,962,536
288,85,1010,165
289,336,1208,891
290,692,1286,904
291,1221,1306,739
292,986,1054,570
293,585,1041,1040
294,946,1203,947
295,1053,1126,992
296,118,933,167
297,458,963,795
298,1292,1298,977
299,797,1328,1315
300,686,878,506
301,634,946,832
302,1340,1341,907
303,302,894,307
304,600,1138,514
305,536,962,537
306,563,903,562
307,883,1287,886
308,1031,1273,1262
309,933,934,167
310,577,972,520
311,976,1277,681
312,921,1186,922
313,394,900,396
314,920,942,442
315,477,963,458
316,947,1203,537
317,757,1178,756
318,1283,1309,774
319,904,1117,914
320,334,1151,1104
321,741,906,740
322,777,1180,1086
323,932,934,933
324,708,1245,710
325,491,1223,1199
326,1140,1184,881
327,310,921,341
328,928,1136,431
329,908,1025,597
330,647,925,645
331,660,936,935
332,665,1085,1056
333,899,1286,1018
334,65,1028,64
335,438,440,439
336,789,1259,1254
337,845,1230,1054
338,896,1058,897
339,901,925,912
340,919,1050,918
341,184,1147,1050
342,1115,1257,1188
343,34,1004,33
344,336,1086,331
345,424,1243,1187
346,589,895,637
347,1219,1306,1221
348,268,978,263
349,891,1086,336
350,507,878,569
351,922,1249,640
352,169,1205,88
353,269,1314,1255
354,415,923,424
355,910,1052,546
356,1104,1151,880
357,159,1028,65
358,902,1133,426
359,522,946,634
360,573,1266,991
361,650,1008,653
362,1019,1020,757
363,442,942,439
364,731,1319,1311
365,1221,1325,1318
366,376,377,375
367,507,569,509
368,643,1226,661
369,94,1013,183
370,811,915,584
371,649,1008,650
372,756,1178,818
373,892,1052,910
374,917,1020,1019
375,323,913,369
376,917,1019,760
377,964,1268,1256
378,19,943,168
379,278,1037,274
380,282,1072,1043
381,286,1132,429
382,309,894,302
383,420,1075,393
384,402,405,404
385,636,868,867
386,697,1136,928
387,1169,1174,699
388,725,1298,1292
389,1023,1154,783
390,788,1212,872
391,901,912,911
392,976,1282,975
393,1072,1073,1044
394,289,290,288
395,410,695,403
396,1183,1192,406
397,430,1222,1084
398,659,1033,923
399,1056,1085,1057
400,68,181,67
401,309,1052,892
402,366,941,467
403,425,1168,395
404,421,559,413
405,476,907,572
406,683,974,604
407,610,705,611
408,663,920,875
409,1084,1222,735
410,735,1310,1289
411,902,1208,1133
412,1108,1176,1071
413,171,930,121
414,201,203,202
415,246,1219,202
416,205,207,206
417,430,1082,206
418,235,965,210
419,211,213,212
420,1288,1313,443
421,585,1040,461
422,560,561,559
423,630,879,808
424,769,862,770
425,779,1265,1128
426,881,1278,1140
427,910,1113,992
428,98,1030,97
429,394,1142,900
430,428,902,426
431,997,1113,546
432,207,209,208
433,215,216,214
434,333,1047,330
435,371,1117,587
436,401,1301,1244
437,431,1045,928
438,1128,1253,893
439,1125,1253,905
440,1068,1277,976
441,21,139,20
442,133,1061,132
443,132,1061,158
444,140,1012,1010
445,310,1186,921
446,524,1275,779
447,640,1249,941
448,660,1035,938
449,664,1053,992
450,755,878,686
451,914,1217,692
452,745,966,843
453,894,1253,1125
454,920,1226,942
455,21,926,139
456,23,172,22
457,327,1217,914
458,939,1022,373
459,417,423,422
460,810,811,584
461,659,1212,1033
462,796,1259,789
463,28,924,179
464,938,1146,165
465,341,921,353
466,353,640,363
467,378,1154,939
468,923,1033,424
469,467,941,588
470,541,583,515
471,526,1134,607
472,719,1138,600
473,753,755,686
474,733,1279,1118
475,916,917,760
476,974,1182,1067
477,258,260,259
478,565,887,563
479,946,947,832
480,1201,1233,929
481,33,1004,157
482,160,1030,98
483,184,1049,100
484,491,1102,492
485,508,1103,500
486,626,1283,774
487,1078,1177,628
488,727,736,728
489,752,1002,855
490,779,1275,1265
491,52,944,166
492,1034,1179,130
493,361,455,379
494,1114,1188,438
495,453,475,450
496,455,468,456
497,1108,1204,667
498,738,1177,1078
499,857,915,811
500,837,839,838
501,35,177,34
502,177,1004,34
503,192,1139,36
504,89,169,88
505,95,1013,94
506,491,1199,1102
507,575,1252,1190
508,120,138,119
509,324,913,323
510,646,647,645
511,720,721,719
512,749,1341,1340
513,939,1023,1022
514,984,1241,981
515,247,1036,250
516,1002,1090,569
517,632,810,584
518,912,925,651
519,678,679,676
520,1181,1333,742
521,1020,1178,757
522,80,173,79
523,353,363,362
524,375,939,373
525,945,1062,380
526,521,1269,668
527,972,1058,576
528,631,812,609
529,618,964,796
530,661,920,663
531,899,1018,985
532,36,1139,35
533,84,1146,83
534,101,184,100
535,119,933,118
536,135,1152,134
537,1010,1011,165
538,195,196,194
539,282,1043,219
540,240,1045,283
541,288,1132,286
542,308,1016,303
543,1075,1142,393
544,901,911,400
545,751,966,581
546,641,890,782
547,751,967,966
548,992,1126,781
549,989,991,990
550,114,1006,113
551,931,932,138
552,275,1127,271
553,276,281,279
554,935,937,280
555,285,1057,287
556,311,373,312
557,312,1022,314
558,1023,1151,334
559,437,594,593
560,440,441,439
561,462,550,543
562,490,1150,489
563,543,908,597
564,598,1253,1128
565,603,699,605
566,663,875,744
567,784,1151,783
568,1199,1223,792
569,139,943,20
570,63,149,62
571,183,1120,93
572,429,1072,284
573,1131,1132,288
574,316,1104,318
575,430,1084,1082
576,464,905,598
577,887,903,563
578,606,683,604
579,650,651,647
580,837,838,768
581,849,850,836
582,1160,1197,1161
583,54,137,53
584,81,193,80
585,212,1096,235
586,257,1197,1160
587,467,588,527
588,582,682,477
589,505,791,497
590,562,566,512
591,527,1134,526
592,979,980,540
593,636,708,566
594,781,1126,592
595,636,867,708
596,670,1071,1070
597,818,848,758
598,1112,1118,1017
599,54,927,137
600,323,369,354
601,350,1153,368
602,353,921,640
603,369,370,354
604,1100,1137,387
605,398,911,401
606,407,408,406
607,659,923,411
608,682,963,477
609,500,1103,498
610,524,779,592
611,532,625,533
612,671,1108,547
613,547,1108,1071
614,587,1117,904
615,608,918,631
616,680,802,801
617,1047,1059,1046
618,47,175,46
619,166,993,51
620,170,927,55
621,146,1006,114
622,131,1034,130
623,292,997,546
624,338,664,306
625,333,1278,1048
626,695,1039,403
627,405,406,404
628,419,1135,553
629,533,985,504
630,745,746,741
631,829,1237,1234
632,73,1092,185
633,102,1147,101
634,120,930,138
635,122,171,121
636,128,994,127
637,201,935,280
638,233,1119,452
639,248,1107,245
640,276,279,277
641,333,1048,1047
642,913,1117,369
643,476,536,474
644,1071,1107,547
645,667,1204,558
646,575,1190,757
647,599,639,600
648,706,918,608
649,663,744,743
650,914,1117,913
651,1059,1153,1046
652,1082,1084,1083
653,1096,1182,1098
654,20,943,19
655,45,1009,156
656,189,1147,102
657,199,935,201
658,203,204,202
659,205,206,204
660,204,1082,246
661,205,1122,269
662,207,208,206
663,213,214,212
664,295,999,997
665,304,305,301
666,325,1140,328
667,330,332,331
668,369,1117,371
669,438,439,436
670,526,528,466
671,1150,1155,489
672,588,895,589
673,637,871,773
674,706,919,918
675,720,865,722
676,728,1251,1202
677,854,967,751
678,780,892,781
679,910,992,781
680,969,1189,970
681,53,944,52
682,63,1027,149
683,106,186,105
684,106,1094,186
685,266,978,617
686,305,310,306
687,1086,1180,329
688,457,1000,473
689,668,669,545
690,714,1262,590
691,1115,1204,712
692,828,830,829
693,966,967,843
694,12,1060,155
695,30,151,29
696,52,166,51
697,145,193,81
698,87,140,86
699,111,154,110
700,113,174,112
701,197,1035,660
702,443,1036,244
703,274,275,271
704,314,1022,334
705,407,418,411
706,437,593,435
707,575,757,756
708,629,740,628
709,661,663,662
710,744,833,743
711,757,1190,1019
712,788,1243,1033
713,896,897,809
714,824,828,823
715,1000,1040,1001
716,13,1060,12
717,29,924,28
718,56,170,55
719,73,185,72
720,78,153,77
721,312,314,313
722,379,1053,347
723,371,586,530
724,463,1189,969
725,1000,1001,473
726,511,1090,580
727,639,718,600
728,650,652,651
729,793,844,816
730,1050,1051,821
731,980,982,981
732,986,989,987
733,1118,1279,1017
734,1202,1251,1103
735,151,924,29
736,134,178,133
737,190,1152,135
738,1110,1111,319
739,364,1000,457
740,371,587,586
741,431,1136,1057
742,553,558,433
743,434,438,436
744,493,1150,490
745,506,507,500
746,509,511,510
747,970,971,577
748,771,772,619
749,726,909,626
750,662,766,648
751,710,723,711
752,752,1090,1002
753,779,1128,780
754,869,873,870
755,1010,1012,1011
756,172,926,22
757,64,1027,63
758,80,193,173
759,122,1015,171
760,152,995,994
761,197,198,196
762,276,277,275
763,367,1000,364
764,374,905,376
765,412,413,408
766,421,1017,560
767,427,428,426
768,455,979,540
769,508,1202,1103
770,522,634,619
771,526,607,528
772,607,1134,707
773,619,964,618
774,643,648,644
775,643,661,648
776,704,1195,1161
777,746,747,741
778,815,847,755
779,783,1151,1023
780,793,845,844
781,97,1029,96
782,111,1005,154
783,121,930,120
784,317,1111,349
785,475,534,450
786,476,572,571
787,484,544,482
788,543,597,579
789,615,676,675
790,657,840,765
791,681,1282,976
792,746,1235,748
793,848,1266,758
794,840,841,765
795,822,823,813
796,14,176,13
797,127,994,180
798,235,1097,965
799,251,253,252
800,251,256,253
801,261,263,262
802,268,1127,978
803,281,476,474
804,665,1032,300
805,342,1133,335
806,459,1227,362
807,469,470,378
808,449,450,441
809,520,521,470
810,494,496,493
811,583,1181,515
812,560,620,561
813,623,624,565
814,580,1090,752
815,594,643,642
816,812,813,609
817,790,1109,614
818,665,1056,1055
819,677,678,676
820,736,737,728
821,752,854,751
822,876,878,755
823,775,882,776
824,802,1290,1196
825,1038,1153,1059
826,66,159,65
827,99,160,98
828,103,189,102
829,125,1081,144
830,224,225,222
831,224,1068,227
832,226,1123,225
833,227,1068,976
834,233,234,231
835,231,1062,666
836,233,236,234
837,238,1062,234
838,452,693,236
839,241,380,238
840,380,1062,238
841,263,978,266
842,281,474,279
843,335,1133,336
844,344,1153,350
845,350,364,348
846,370,1109,354
847,530,531,370
848,374,376,375
849,377,469,378
850,384,1074,382
851,382,1074,945
852,479,480,428
853,455,540,468
854,464,538,463
855,521,545,470
856,487,488,486
857,518,567,510
858,981,1241,540
859,568,727,567
860,724,1329,624
861,638,1338,1326
862,642,940,641
863,644,646,645
864,766,1211,648
865,654,656,655
866,656,869,655
867,657,765,658
868,666,1062,945
869,945,1091,666
870,1091,1123,666
871,680,801,679
872,691,777,700
873,917,1021,1020
874,15,1026,14
875,83,1146,998
876,113,1006,174
877,124,1095,123
878,136,190,135
879,223,1068,224
880,224,227,226
881,229,1123,226
882,227,975,228
883,228,232,230
884,231,666,229
885,975,977,232
886,233,452,236
887,241,381,380
888,267,270,268
889,274,1037,276
890,292,546,296
891,298,302,299
892,302,307,303
893,894,1125,307
894,373,1022,312
895,317,349,315
896,330,331,329
897,330,1047,332
898,332,337,335
899,1109,1110,354
900,446,447,358
901,368,461,367
902,383,385,384
903,418,659,411
904,448,512,447
905,471,946,522
906,513,563,562
907,520,576,521
908,596,633,538
909,669,783,545
910,564,565,563
911,630,808,579
912,580,751,581
913,594,642,641
914,597,1025,778
915,607,706,608
916,629,966,745
917,641,940,890
918,646,649,647
919,651,925,647
920,769,770,649
921,654,657,656
922,869,870,655
923,992,1113,664
924,777,891,700
925,715,1272,1116
926,717,1327,1012
927,862,863,770
928,780,893,892
929,1158,1250,1159
930,8,1129,7
931,9,162,8
932,176,1060,13
933,19,168,18
934,49,148,48
935,96,150,95
936,123,1095,1015
937,219,220,218
938,220,221,218
939,220,222,221
940,222,1066,221
941,225,1123,1077
942,237,239,238
943,239,1069,241
944,240,283,282
945,283,431,285
946,286,429,284
947,431,1057,285
948,298,299,297
949,299,360,297
950,302,303,299
951,303,1162,299
952,299,1162,360
953,341,353,352
954,344,350,348
955,1164,1207,349
956,455,456,379
957,383,1063,386
958,385,409,384
959,409,548,384
960,386,388,387
961,390,393,391
962,390,419,393
963,419,420,393
964,398,399,397
965,401,402,399
966,409,1137,1088
967,1069,1070,444
968,464,595,538
969,685,686,506
970,513,562,512
971,522,619,618
972,969,970,577
973,971,972,577
974,779,780,592
975,601,1076,673
976,772,964,619
977,669,784,783
978,1063,1166,684
979,694,794,693
980,696,1136,697
981,697,928,702
982,732,1334,734
983,789,1254,1239
984,795,1144,1141
985,1035,1146,938
986,1043,1072,1044
987,1066,1076,1065
988,7,187,6
989,14,1026,176
990,28,179,27
991,179,1080,27
992,61,182,60
993,94,183,93
994,127,180,126
995,152,994,128
996,130,1179,129
997,218,968,216
998,216,968,451
999,221,968,218
1000,219,1043,220
1001,240,282,219
1002,220,223,222
1003,225,1066,222
1004,237,242,239
1005,239,241,238
1006,242,243,239
1007,272,274,271
1008,281,907,476
1009,283,284,282
1010,285,286,284
1011,285,287,286
1012,292,293,290
1013,296,298,297
1014,360,1130,297
1015,298,1052,309
1016,1016,1162,303
1017,304,339,305
1018,314,334,316
1019,319,1111,317
1020,332,335,331
1021,1022,1023,334
1022,337,1046,344
1023,341,352,347
1024,356,372,355
1025,374,1125,905
1026,548,1074,384
1027,386,387,385
1028,385,1137,409
1029,386,684,388
1030,386,1063,684
1031,388,390,389
1032,388,1135,390
1033,684,1135,388
1034,391,392,389
1035,392,1100,389
1036,396,397,395
1037,397,425,395
1038,396,398,397
1039,398,401,399
1040,400,911,398
1041,404,410,403
1042,405,407,406
1043,407,411,408
1044,409,549,548
1045,419,433,420
1046,423,514,422
1047,1039,1170,425
1048,429,1196,1073
1049,452,694,693
1050,462,543,542
1051,464,598,595
1052,539,582,477
1053,499,506,500
1054,499,685,506
1055,550,908,543
1056,549,601,548
1057,601,673,548
1058,551,696,552
1059,696,697,552
1060,698,1171,552
1061,587,898,586
1062,589,591,590
1063,602,674,601
1064,674,1076,601
1065,603,604,602
1066,604,974,602
1067,605,606,604
1068,615,677,676
1069,809,879,630
1070,650,653,652
1071,874,1212,659
1072,673,1091,1074
1073,1076,1077,673
1074,1079,1164,675
1075,679,1079,676
1076,678,681,680
1077,801,803,679
1078,697,702,698
1079,710,711,709
1080,745,843,817
1081,900,1142,782
1082,845,986,846
1083,893,1253,894
1084,908,1216,1025
1085,936,937,935
1086,1148,1231,1016
1087,1057,1136,1056
1088,1077,1123,1091
1089,1089,1137,1100
1090,1132,1284,1196
1091,12,155,11
1092,64,1028,1027
1093,97,1030,1029
1094,932,933,138
1095,217,219,218
1096,1044,1068,223
1097,242,244,243
1098,242,443,244
1099,255,1233,1201
1100,271,1127,268
1101,287,289,288
1102,334,1104,316
1103,325,1184,1140
1104,343,1141,351
1105,355,359,345
1106,358,1024,356
1107,356,1024,372
1108,357,445,358
1109,357,551,445
1110,447,1024,358
1111,368,462,461
1112,388,389,387
1113,390,391,389
1114,390,1135,419
1115,403,1039,399
1116,409,1088,549
1117,419,553,433
1118,423,541,515
1119,795,1141,432
1120,436,437,435
1121,551,552,445
1122,446,516,448
1123,448,513,512
1124,1067,1182,451
1125,451,1182,1096
1126,529,535,475
1127,485,486,484
1128,484,1064,544
1129,1156,1263,516
1130,518,1177,568
1131,614,1109,531
1132,541,635,583
1133,549,603,602
1134,1038,1299,550
1135,551,1055,696
1136,697,698,552
1137,1135,1173,553
1138,603,605,604
1139,610,611,606
1140,611,1175,606
1141,705,729,611
1142,612,725,613
1143,634,832,831
1144,651,1225,912
1145,660,938,936
1146,694,804,794
1147,695,1170,1039
1148,702,703,698
1149,1089,1169,699
1150,929,1233,702
1151,703,1158,1157
1152,716,888,887
1153,732,733,721
1154,729,735,730
1155,752,855,854
1156,836,1268,772
1157,1267,1280,791
1158,909,1288,794
1159,1065,1067,968
1160,1100,1168,1089
1161,7,1129,187
1162,27,1080,26
1163,33,157,32
1164,165,1146,84
1165,93,1120,92
1166,123,1015,122
1167,126,1081,125
1168,132,158,131
1169,178,1061,133
1170,163,1093,1092
1171,280,1122,203
1172,206,1082,204
1173,209,210,208
1174,210,965,208
1175,451,1096,214
1176,215,217,216
1177,235,1098,1097
1178,244,245,243
1179,670,1069,243
1180,244,247,245
1181,247,248,245
1182,245,1107,670
1183,250,554,249
1184,554,1106,249
1185,289,291,290
1186,289,294,291
1187,291,997,292
1188,292,296,293
1189,296,297,293
1190,294,300,295
1191,546,1052,296
1192,318,556,320
1193,321,1110,319
1194,327,914,913
1195,332,1046,337
1196,340,345,339
1197,340,1124,346
1198,426,1133,342
1199,346,355,345
1200,346,356,355
1201,346,357,356
1202,346,1124,357
1203,357,358,356
1204,357,1124,551
1205,445,446,358
1206,363,366,365
1207,376,463,377
1208,391,394,392
1209,394,396,395
1210,965,1222,430
1211,458,795,432
1212,558,1114,433
1213,552,1171,445
1214,446,448,447
1215,469,577,520
1216,555,574,478
1217,483,484,482
1218,485,487,486
1219,503,504,502
1220,503,1210,532
1221,511,518,510
1222,612,613,531
1223,626,774,533
1224,539,1297,632
1225,558,1115,1114
1226,620,622,561
1227,582,760,682
1228,591,714,590
1229,605,610,606
1230,730,1175,611
1231,634,771,619
1232,670,1070,1069
1233,1160,1161,672
1234,675,1164,790
1235,683,1175,1098
1236,1098,1182,683
1237,703,1157,1156
1238,1214,1248,705
1239,710,866,723
1240,722,805,732
1241,1097,1175,730
1242,748,814,750
1243,793,816,754
1244,987,988,846
1245,847,877,876
1246,1030,1273,1031
1247,1158,1159,1157
1248,26,141,25
1249,26,1080,141
1250,137,944,53
1251,59,142,58
1252,92,143,91
1253,92,1120,143
1254,125,144,124
1255,930,931,138
1256,1049,1238,160
1257,203,205,204
1258,213,215,214
1259,245,670,243
1260,244,1036,247
1261,247,249,248
1262,247,250,249
1263,249,251,248
1264,249,1106,251
1265,250,806,554
1266,255,1250,1158
1267,1106,1185,256
1268,267,268,263
1269,272,278,274
1270,289,1085,294
1271,291,292,290
1272,294,295,291
1273,294,665,300
1274,300,301,295
1275,300,304,301
1276,300,1032,304
1277,304,340,339
1278,664,999,306
1279,320,1184,322
1280,337,344,343
1281,340,346,345
1282,351,426,342
1283,359,1099,345
1284,353,362,352
1285,371,530,370
1286,411,412,408
1287,412,415,414
1288,457,473,460
1289,492,494,493
1290,495,497,494
1291,496,503,502
1292,507,508,500
1293,502,523,501
1294,503,532,504
1295,1167,1210,503
1296,509,510,508
1297,518,568,567
1298,523,689,688
1299,588,589,527
1300,530,612,531
1301,774,985,533
1302,555,575,574
1303,624,716,565
1304,568,731,727
1305,629,741,740
1306,778,809,630
1307,665,1055,1032
1308,803,1079,679
1309,687,753,686
1310,707,1238,706
1311,777,1086,891
1312,780,1128,893
1313,892,910,781
1314,810,827,811
1315,895,1249,1246
1316,949,951,950
1317,1048,1059,1047
1318,40,188,39
1319,100,1049,99
1320,144,1095,124
1321,195,1035,197
1322,197,660,199
1323,199,200,198
1324,254,547,252
1325,274,276,275
1326,314,315,313
1327,320,322,321
1328,354,1110,321
1329,377,378,375
1330,470,1154,378
1331,514,1138,422
1332,536,537,474
1333,481,482,480
1334,483,485,484
1335,489,1064,486
1336,488,491,490
1337,511,519,518
1338,511,580,519
1339,589,590,527
1340,607,608,528
1341,1064,1198,544
1342,613,615,614
1343,712,1204,671
1344,678,680,679
1345,718,720,719
1346,720,722,721
1347,866,889,723
1348,744,834,833
1349,748,749,747
1350,827,856,811
1351,883,886,885
1352,998,1146,1035
1353,162,1129,8
1354,147,1026,15
1355,42,161,41
1356,145,194,193
1357,145,998,195
1358,199,201,200
1359,209,211,210
1360,251,1106,256
1361,256,258,257
1362,256,1185,258
1363,258,265,260
1364,295,997,291
1365,301,999,295
1366,305,306,301
1367,312,313,308
1368,325,326,324
1369,325,328,326
1370,328,329,326
1371,328,330,329
1372,364,432,348
1373,378,939,375
1374,412,414,413
1375,415,417,416
1376,424,1187,417
1377,421,1112,1017
1378,480,902,428
1379,467,526,466
1380,476,571,536
1381,483,570,485
1382,488,489,486
1383,523,688,501
1384,558,1204,1115
1385,580,752,751
1386,587,904,899
1387,780,781,592
1388,667,1176,1108
1389,689,690,688
1390,738,807,731
1391,799,800,737
1392,792,793,754
1393,756,818,758
1394,883,884,776
1395,1256,1294,796
1396,856,857,811
1397,999,1113,997
1398,1116,1192,1183
1399,86,1010,85
1400,129,152,128
1401,197,199,198
1402,251,252,248
1403,253,254,252
1404,256,257,253
1405,254,671,547
1406,254,1160,672
1407,260,261,259
1408,310,338,306
1409,314,316,315
1410,318,319,317
1411,318,1104,556
1412,322,1184,325
1413,326,327,324
1414,327,913,324
1415,338,1053,664
1416,343,351,342
1417,350,367,364
1418,350,368,367
1419,361,979,455
1420,376,464,463
1421,454,1112,416
1422,427,555,478
1423,471,522,472
1424,488,490,489
1425,492,1102,495
1426,590,1134,527
1427,571,578,536
1428,539,632,584
1429,541,1187,701
1430,597,630,579
1431,587,899,898
1432,597,778,630
1433,921,922,640
1434,672,712,671
1435,736,799,737
1436,778,896,809
1437,835,849,836
1438,16,147,15
1439,35,1139,177
1440,45,156,44
1441,101,1147,184
1442,174,1005,112
1443,134,1152,178
1444,241,1069,444
1445,261,267,263
1446,471,472,277
1447,320,321,319
1448,332,1047,1046
1449,640,941,363
1450,369,371,370
1451,379,1126,1053
1452,440,517,449
1453,462,542,461
1454,481,483,482
1455,486,1064,484
1456,581,966,629
1457,608,631,609
1458,760,1019,682
1459,691,700,690
1460,712,1257,1115
1461,785,786,784
1462,880,1151,784
1463,785,787,786
1464,989,990,987
1465,1041,1042,1001
1466,118,167,117
1467,242,1121,443
1468,257,1160,253
1469,262,1197,259
1470,311,312,308
1471,318,320,319
1472,341,347,338
1473,344,348,343
1474,363,941,366
1475,364,457,432
1476,412,923,415
1477,415,416,414
1478,435,1075,420
1479,478,479,428
1480,592,1126,456
1481,457,460,458
1482,467,527,526
1483,492,495,494
1484,543,579,542
1485,564,713,623
1486,575,756,574
1487,581,629,628
1488,635,767,583
1489,607,707,706
1490,649,650,647
1491,1161,1195,672
1492,684,1173,1135
1493,685,687,686
1494,701,762,761
1495,1187,1243,701
1496,706,1238,919
1497,762,763,761
1498,767,837,768
1499,772,1268,964
1500,792,1230,793
1501,793,1230,845
1502,814,853,819
1503,828,829,823
1504,845,846,844
1505,1079,1207,1164
1506,22,926,21
1507,129,1179,152
1508,152,996,995
1509,195,197,196
1510,310,341,338
1511,337,342,335
1512,337,343,342
1513,351,427,426
1514,456,1126,379
1515,381,1063,383
1516,427,478,428
1517,460,539,477
1518,479,481,480
1519,479,1193,573
1520,581,628,519
1521,541,701,635
1522,616,704,557
1523,758,1193,574
1524,808,1209,579
1525,589,637,591
1526,594,641,593
1527,775,776,596
1528,618,796,789
1529,637,773,638
1530,770,1008,649
1531,732,734,733
1532,748,750,749
1533,847,876,755
1534,795,1252,1144
1535,929,1213,1201
1536,175,1009,46
1537,180,1081,126
1538,266,557,262
1539,316,317,315
1540,352,361,347
1541,366,467,466
1542,468,525,524
1543,496,501,493
1544,791,1167,497
1545,532,533,504
1546,513,1232,564
1547,628,1177,519
1548,625,626,533
1549,553,1173,667
1550,727,728,567
1551,756,758,574
1552,653,654,652
1553,753,815,755
1554,908,1271,1216
1555,46,1009,45
1556,164,1094,107
1557,228,230,229
1558,263,266,262
1559,266,616,557
1560,275,1239,1127
1561,432,1141,348
1562,362,1227,352
1563,391,1142,394
1564,396,400,398
1565,559,1183,413
1566,593,1075,435
1567,448,1232,513
1568,460,477,458
1569,494,1167,496
1570,498,505,497
1571,613,614,531
1572,561,1116,559
1573,767,768,583
1574,602,974,674
1575,615,675,614
1576,616,798,704
1577,676,1079,675
1578,687,754,753
1579,689,691,690
1580,692,1217,691
1581,694,1215,804
1582,875,1229,744
1583,1216,1271,785
1584,1223,1230,792
1585,947,948,832
1586,1127,1254,978
1587,70,191,69
1588,228,229,226
1589,227,976,975
1590,228,975,232
1591,547,1107,252
1592,267,1321,1304
1593,311,374,373
1594,348,1141,343
1595,365,459,362
1596,463,969,377
1597,517,1240,449
1598,528,1101,466
1599,469,969,577
1600,521,668,545
1601,608,609,528
1602,646,769,649
1603,668,1216,669
1604,722,732,721
1605,882,883,776
1606,971,973,972
1607,37,192,36
1608,201,280,203
1609,208,430,206
1610,220,1043,223
1611,223,224,222
1612,1082,1083,246
1613,252,1107,248
1614,270,272,271
1615,284,1072,282
1616,335,336,331
1617,531,1109,370
1618,394,395,392
1619,414,421,413
1620,429,1073,1072
1621,447,1172,1024
1622,1101,1234,465
1623,483,1149,570
1624,491,492,490
1625,498,1103,505
1626,595,596,538
1627,631,821,820
1628,631,918,821
1629,639,797,718
1630,669,785,784
1631,683,1182,974
1632,689,692,691
1633,1262,1273,707
1634,747,906,741
1635,1196,1284,802
1636,1045,1213,929
1637,55,927,54
1638,158,1034,131
1639,205,269,207
1640,224,226,225
1641,227,228,226
1642,666,1123,229
1643,230,233,231
1644,270,273,272
1645,297,1130,293
1646,307,308,303
1647,322,323,321
1648,328,1140,333
1649,347,1053,338
1650,366,466,465
1651,383,384,382
1652,457,458,432
1653,469,520,470
1654,482,1143,480
1655,1054,1230,487
1656,513,564,563
1657,515,599,514
1658,980,981,540
1659,718,719,600
1660,629,745,741
1661,645,940,642
1662,654,655,652
1663,657,658,656
1664,691,1217,777
1665,928,929,702
1666,708,710,709
1667,791,1210,1167
1668,799,1261,800
1669,912,1301,911
1670,991,1145,990
1671,1296,1322,1228
1672,85,165,84
1673,107,1094,106
1674,108,164,107
1675,115,146,114
1676,217,218,216
1677,217,240,219
1678,230,1119,233
1679,234,1062,231
1680,258,259,257
1681,1057,1085,287
1682,290,1131,288
1683,293,1131,290
1684,315,1148,313
1685,322,324,323
1686,1046,1153,344
1687,349,1207,1148
1688,374,375,373
1689,381,383,382
1690,444,1063,381
1691,1119,1165,452
1692,479,573,481
1693,544,1143,482
1694,516,1263,1232
1695,539,584,582
1696,579,1209,542
1697,544,1206,1143
1698,599,742,639
1699,623,724,624
1700,661,662,648
1701,1055,1056,696
1702,88,1205,87
1703,145,195,194
1704,221,1066,1065
1705,279,1203,471
1706,283,285,284
1707,304,1032,340
1708,316,318,317
1709,345,1099,339
1710,361,379,347
1711,1141,1144,351
1712,383,386,385
1713,387,1137,385
1714,496,1167,503
1715,673,1074,548
1716,564,623,565
1717,716,887,565
1718,641,782,593
1719,663,743,662
1720,1065,1076,674
1721,687,792,754
1722,1056,1136,696
1723,890,900,782
1724,829,1234,823
1725,982,983,981
1726,1030,1031,1029
1727,1055,1124,1032
1728,1066,1077,1076
1729,1303,1306,1083
1730,998,1035,195
1731,237,238,234
1732,237,1121,242
1733,296,1052,298
1734,1111,1164,349
1735,363,365,362
1736,389,1100,387
1737,392,1168,1100
1738,397,1039,425
1739,402,404,403
1740,425,1170,1169
1741,1070,1166,444
1742,542,585,461
1743,478,1193,479
1744,574,1193,478
1745,573,1149,481
1746,549,602,601
1747,550,1271,908
1748,709,1172,566
1749,603,1088,699
1750,675,790,614
1751,740,1078,628
1752,632,825,810
1753,669,1216,785
1754,674,1067,1065
1755,690,1155,688
1756,1165,1215,694
1757,695,1248,1214
1758,1156,1171,698
1759,742,1333,1093
1760,790,1111,1110
1761,812,822,813
1762,1143,1208,902
1763,950,953,948
1764,1168,1169,1089
1765,83,998,82
1766,243,1069,239
1767,306,999,301
1768,328,333,330
1769,368,1038,462
1770,434,435,420
1771,434,436,435
1772,440,449,441
1773,445,1171,446
1774,446,1171,516
1775,512,1172,447
1776,522,618,472
1777,481,1149,483
1778,495,499,498
1779,507,509,508
1780,551,1124,1055
1781,595,775,596
1782,606,1175,683
1783,631,820,812
1784,1102,1199,685
1785,703,1156,698
1786,703,1233,1158
1787,1265,1275,775
1788,786,880,784
1789,786,881,880
1790,790,1110,1109
1791,822,824,823
1792,1166,1176,1173
1793,150,1013,95
1794,201,202,200
1795,208,965,430
1796,211,212,210
1797,211,1250,255
1798,232,1119,230
1799,236,237,234
1800,693,1121,236
1801,294,1085,665
1802,305,1186,310
1803,556,1184,320
1804,480,1143,902
1805,497,1167,494
1806,553,667,558
1807,572,759,571
1808,813,1101,609
1809,1173,1176,667
1810,1025,1216,668
1811,670,1107,1071
1812,730,1222,1097
1813,758,1266,1193
1814,835,836,772
1815,963,1252,795
1816,986,987,846
1817,1071,1176,1070
1818,51,993,50
1819,87,1205,140
1820,265,1319,260
1821,313,1148,1016
1822,323,354,321
1823,1132,1196,429
1824,434,1114,438
1825,444,1166,1063
1826,452,1165,694
1827,537,1203,474
1828,1200,1240,517
1829,519,1177,518
1830,1198,1206,544
1831,728,1202,567
1832,625,726,626
1833,664,1113,999
1834,762,764,763
1835,771,835,772
1836,787,1299,1048
1837,883,885,884
1838,163,1092,74
1839,82,145,81
1840,112,1005,111
1841,160,1273,1030
1842,279,471,277
1843,474,1203,279
1844,449,453,450
1845,489,1155,1064
1846,496,502,501
1847,499,1102,685
1848,555,1252,575
1849,1144,1252,555
1850,616,1224,798
1851,677,1292,977
1852,678,1282,681
1853,1166,1173,684
1854,746,748,747
1855,814,819,750
1856,74,1092,73
1857,75,163,74
1858,254,672,671
1859,281,1037,907
1860,322,325,324
1861,438,1188,440
1862,441,442,439
1863,501,1150,493
1864,622,715,561
1865,671,1204,1108
1866,841,864,765
1867,871,1087,773
1868,1007,1332,797
1869,138,933,119
1870,266,617,616
1871,349,1148,315
1872,468,524,456
1873,466,1101,465
1874,492,493,490
1875,495,498,497
1876,499,500,498
1877,1188,1257,517
1878,532,627,625
1879,560,621,620
1880,688,1155,1150
1881,964,1256,796
1882,796,1294,1259
1883,1206,1208,1143
1884,82,998,145
1885,96,1029,150
1886,140,1339,1012
1887,198,1220,264
1888,352,1227,361
1889,366,465,365
1890,406,1192,404
1891,453,529,475
1892,690,1198,1155
1893,790,1164,1111
1894,829,1296,1237
1895,947,949,948
1896,230,231,229
1897,241,444,381
1898,259,1197,257
1899,276,1037,281
1900,382,945,380
1901,414,1112,421
1902,618,789,472
1903,488,1223,491
1904,509,1090,511
1905,715,1116,561
1906,941,1249,588
1907,623,1163,724
1908,700,1206,1198
1909,891,1208,1206
1910,1040,1041,1001
1911,1084,1289,1083
1912,261,262,259
1913,421,560,559
1914,524,592,456
1915,580,581,519
1916,1074,1091,945
1917,1016,1231,1162
1918,152,1179,996
1919,225,1077,1066
1920,472,1239,277
1921,298,309,302
1922,417,422,416
1923,471,1203,946
1924,621,739,620
1925,624,717,716
1926,632,826,825
1927,672,1195,712
1928,1077,1091,673
1929,1172,1236,1024
1930,221,1065,968
1931,402,403,399
1932,415,424,417
1933,433,434,420
1934,968,1067,451
1935,495,1102,499
1936,532,1210,627
1937,562,636,566
1938,590,1262,1134
1939,974,1067,674
1940,700,1198,690
1941,1088,1089,699
1942,891,1206,700
1943,737,1251,728
1944,745,817,746
1945,909,1313,1288
1946,1088,1137,1089
1947,1170,1174,1169
1948,351,1144,427
1949,368,1153,1038
1950,377,969,469
1951,427,1144,555
1952,789,1239,472
1953,609,1101,528
1954,617,1224,616
1955,701,761,635
1956,817,1235,746
1957,766,1264,1211
1958,1155,1198,1064
1959,99,1049,160
1960,202,1219,200
1961,204,246,202
1962,203,1122,205
1963,212,235,210
1964,211,255,213
1965,214,1096,212
1966,216,451,214
1967,1096,1098,235
1968,287,1085,289
1969,395,1168,392
1970,538,1189,463
1971,567,1202,510
1972,588,1249,895
1973,610,1214,705
1974,729,730,611
1975,643,644,642
1976,714,1276,1031
1977,928,1045,929
1978,949,950,948
1979,1098,1175,1097
1980,422,454,416
1981,487,1223,488
1982,783,1154,545
1983,594,1226,643
1984,870,1225,655
1985,1019,1190,682
1986,816,1218,754
1987,983,984,981
1988,217,1213,240
1989,258,1185,265
1990,307,311,308
1991,376,905,464
1992,545,1154,470
1993,655,1225,652
1994,734,1279,733
1995,870,1301,1225
1996,1327,1329,937
1997,1115,1188,1114
1998,462,1038,550
1999,688,1150,501
2000,788,872,764
2001,801,1260,1247
2002,1043,1044,223
2003,240,1213,1045
2004,313,1016,308
2005,329,1180,326
2006,1247,1260,360
2007,381,382,380
2008,393,1142,391
2009,404,1192,410
2010,411,923,412
2011,422,1138,454
2012,942,1226,437
2013,534,1194,450
2014,564,1232,713
2015,637,638,591
2016,782,1075,593
2017,905,1253,598
2018,798,1200,704
2019,710,1245,866
2020,1031,1262,714
2021,803,1207,1079
2022,1044,1277,1068
2023,1073,1290,1277
2024,1157,1263,1156
2025,1231,1247,1162
2026,140,1010,86
2027,1201,1213,215
2028,236,1121,237
2029,253,1160,254
2030,270,271,268
2031,287,288,286
2032,1130,1131,293
2033,413,1183,408
2034,516,1232,448
2035,569,1090,509
2036,708,709,566
2037,699,1174,605
2038,634,831,771
2039,762,788,764
2040,198,264,196
2041,255,1201,213
2042,1158,1233,255
2043,277,1239,275
2044,510,1202,508
2045,566,1172,512
2046,599,600,514
2047,516,1171,1156
2048,542,1209,585
2049,568,738,731
2050,644,1211,646
2051,705,1291,729
2052,729,1310,735
2053,739,1306,1303
2054,868,1258,867
2055,1289,1303,1083
2056,1116,1272,1192
2057,269,1255,207
2058,1122,1293,269
2059,273,1331,1330
2060,1099,1186,339
2061,1032,1124,340
2062,523,1286,689
2063,1018,1286,523
2064,560,1017,621
2065,568,1177,738
2066,595,1265,775
2067,725,1292,613
2068,742,1007,639
2069,681,1290,680
2070,744,1229,834
2071,799,1285,1261
2072,1305,1309,804
2073,1097,1222,965
2074,1250,1255,1159
2075,1240,1270,453
2076,1116,1183,559
2077,644,645,642
2078,801,1247,803
2079,803,1231,1207
2080,1219,1220,200
2081,209,1250,211
2082,433,1114,434
2083,701,1243,762
2084,1134,1262,707
2085,739,1325,1221
2086,979,1228,980
2087,1106,1285,1185
2088,326,1180,327
2089,423,1187,541
2090,722,1191,805
2091,748,1235,814
2092,775,1275,882
2093,1225,1301,912
2094,1227,1228,979
2095,215,1213,217
2096,977,1298,232
2097,557,1197,262
2098,280,1295,1122
2099,399,1039,397
2100,408,1183,406
2101,416,1112,414
2102,425,1169,1168
2103,570,1054,485
2104,704,1161,557
2105,685,1199,687
2106,794,1288,693
2107,702,1233,703
2108,718,1315,720
2109,895,1246,871
2110,1070,1176,1166
2111,1207,1231,1148
2112,417,1187,423
2113,440,1188,517
2114,1105,1118,454
2115,1161,1197,557
2116,1193,1266,573
2117,632,1297,826
2118,704,1200,1195
2119,733,1105,721
2120,731,1311,727
2121,735,1222,730
2122,1036,1313,1307
2123,423,515,514
2124,454,1138,1105
2125,713,1163,623
2126,754,1218,753
2127,798,1240,1200
2128,743,1242,662
2129,687,1199,792
2130,449,1240,453
2131,505,1267,791
2132,549,1088,603
2133,800,1267,737
2134,1211,1264,769
2135,1224,1270,798
2136,1012,1327,1011
2137,1170,1214,1174
2138,200,1220,198
2139,307,1125,311
2140,453,1270,529
2141,459,1228,1227
2142,633,1189,538
2143,753,1218,815
2144,1190,1252,963
2145,1219,1221,1220
2146,213,1201,215
2147,605,1174,610
2148,1291,1310,729
2149,803,1247,1231
2150,209,1255,1250
2151,311,1125,374
2152,485,1054,487
2153,361,1227,979
2154,441,1194,442
2155,487,1230,1223
2156,1256,1268,535
2157,1012,1339,717
2158,733,1118,1105
2159,1121,1288,443
2160,598,1265,595
2161,615,1292,677
2162,620,1303,622
2163,639,1007,797
2164,677,1282,678
2165,1105,1138,719
2166,778,1269,896
2167,802,1260,801
2168,173,1343,1191
2169,721,1105,719
2170,1025,1269,778
2171,785,1271,787
2172,800,1280,1267
2173,830,1322,1296
2174,1285,1302,1185
2175,360,1260,1130
2176,1162,1247,360
2177,460,1297,539
2178,646,1211,769
2179,1215,1305,804
2180,1119,1298,1165
2181,1036,1307,250
2182,410,1248,695
2183,1103,1251,505
2184,1048,1278,787
2185,791,1280,1210
2186,813,1234,1101
2187,978,1254,617
2188,652,1225,651
2189,713,1274,1163
2190,1232,1263,713
2191,1255,1314,1159
2192,78,1300,153
2193,1334,1335,264
2194,1128,1265,598
2195,1277,1290,681
2196,762,1243,788
2197,768,1333,1181
2198,787,1278,786
2199,267,1304,270
2200,1234,1237,465
2201,769,1264,862
2202,173,1300,79
2203,1289,1310,622
2204,668,1269,1025
2205,1195,1257,712
2206,450,1194,441
2207,823,1234,813
2208,76,1332,75
2209,1165,1298,725
2210,800,1316,1280
2211,806,1261,554
2212,802,1284,1260
2213,1304,1321,807
2214,530,1305,612
2215,1254,1259,617
2216,648,1211,644
2217,339,1186,305
2218,410,1272,1248
2219,1261,1285,554
2220,799,1302,1285
2221,1326,1338,1014
2222,1131,1284,1132
2223,617,1259,1224
2224,1238,1273,160
2225,937,1295,280
2226,682,1190,963
2227,786,1278,881
2228,868,1320,1258
2229,873,1244,870
2230,1159,1274,1157
2231,90,1320,89
2232,468,1241,525
2233,529,1256,535
2234,709,1236,1172
2235,737,1267,1251
2236,1200,1257,1195
2237,554,1285,1106
2238,1174,1214,610
2239,735,1289,1084
2240,695,1214,1170
2241,1092,1345,185
2242,517,1257,1200
2243,689,1286,692
2244,260,1321,261
2245,207,1255,209
2246,622,1303,1289
2247,662,1242,766
2248,693,1288,1121
2249,1017,1279,621
2250,437,1226,594
2251,1263,1274,713
2252,906,1330,740
2253,798,1270,1240
2254,865,1191,722
2255,1295,1329,724
2256,540,1241,468
2257,750,1342,1341
2258,936,1327,937
2259,1237,1296,459
2260,1073,1277,1044
2261,1196,1290,1073
2262,529,1294,1256
2263,1330,1337,273
2264,717,1339,716
2265,365,1237,459
2266,454,1118,1112
2267,830,1296,829
2268,443,1313,1036
2269,711,1236,709
2270,736,1302,799
2271,797,1332,1328
2272,804,1309,1283
2273,1258,1320,90
2274,1185,1302,265
2275,1297,1317,826
2276,1270,1294,529
2277,804,1283,794
2278,1192,1272,410
2279,612,1305,1215
2280,1029,1276,150
2281,1210,1280,627
2282,194,1343,193
2283,246,1306,1219
2284,1261,1316,800
2285,1251,1267,505
2286,550,1299,1271
2287,621,1325,739
2288,232,1298,1119
2289,591,1326,714
2290,1011,1327,936
2291,1228,1322,980
2292,1130,1284,1131
2293,717,1329,1327
2294,613,1292,615
2295,773,1312,638
2296,715,1310,1291
2297,1260,1284,1130
2298,1157,1274,1263
2299,1293,1314,269
2300,599,1181,742
2301,1031,1276,1029
2302,622,1310,715
2303,1163,1293,724
2304,1224,1294,1270
2305,1083,1306,246
2306,586,1305,530
2307,898,1309,586
2308,627,1308,625
2309,625,1308,726
2310,627,1316,1308
2311,707,1273,1238
2312,1037,1340,907
2313,459,1296,1228
2314,473,1317,1297
2315,1307,1313,726
2316,819,1342,750
2317,1330,1331,1078
2318,1319,1321,260
2319,473,1297,460
2320,1248,1291,705
2321,264,1335,196
2322,1236,1324,372
2323,515,1181,599
2324,805,1335,1334
2325,906,1337,1330
2326,465,1237,365
2327,1241,1287,525
2328,1272,1291,1248
2329,1302,1311,265
2330,153,1328,77
2331,586,1309,1305
2332,1280,1316,627
2333,726,1313,909
2334,727,1311,736
2335,734,1334,1318
2336,79,1300,78
2337,270,1304,273
2338,886,1287,984
2339,736,1311,1302
2340,1259,1294,1224
2341,889,1338,723
2342,797,1315,718
2343,984,1287,1241
2344,273,1337,272
2345,1308,1316,806
2346,738,1331,807
2347,887,1281,903
2348,749,1336,747
2349,1159,1314,1274
2350,715,1291,1272
2351,1001,1317,473
2352,739,1303,620
2353,250,1307,806
2354,726,1308,1307
2355,888,1281,887
2356,1274,1314,1163
2357,734,1325,1279
2358,1042,1317,1001
2359,1221,1318,1220
2360,750,1341,749
2361,807,1319,731
2362,805,1334,732
2363,1271,1299,787
2364,261,1321,267
2365,638,1326,591
2366,806,1316,1261
2367,624,1329,717
2368,1244,1301,870
2369,1220,1318,264
2370,980,1322,982
2371,1163,1314,1293
2372,372,1324,1087
2373,89,1320,169
2374,807,1331,1304
2375,723,1338,1312
2376,1304,1331,273
2377,740,1330,1078
2378,838,1333,768
2379,1014,1338,889
2380,907,1341,572
2381,1078,1331,738
2382,77,1328,76
2383,1341,1342,572
2384,1191,1343,805
2385,838,1345,1333
2386,1312,1338,638
2387,1279,1325,621
2388,807,1321,1319
2389,196,1335,194
2390,711,1324,1236
2391,1307,1308,806
2392,278,1340,1037
2393,747,1336,906
2394,1336,1337,906
2395,749,1340,1336
2396,272,1337,278
2397,716,1339,888
2398,278,1337,1336
2399,572,1342,759
2400,937,1329,1295
2401,1333,1345,1093
2402,830,1323,1322
2403,1328,1332,76
2404,805,1343,1335
2405,1345,1346,185
2406,1318,1334,264
2407,839,1346,838
2408,1093,1345,1092
2409,1322,1323,982
2410,1336,1340,278
2411,1317,1344,826
2412,1042,1344,1317
2413,1335,1343,194
2414,838,1346,1345
2415,1229,1347,834
2416,808,1406,1209
2417,534,1347,1229
2418,657,1348,840
2419,653,1348,654
2420,994,1349,180
2421,1349,1406,808
2422,1354,1435,190
2423,1081,1380,144
2424,1374,1438,1323
2425,849,1381,148
2426,654,1348,657
2427,995,1349,994
2428,653,1350,1348
2429,137,1437,1373
2430,190,1435,1363
2431,853,1395,31
2432,854,1400,141
2433,1003,1394,24
2434,844,1399,168
2435,988,1397,17
2436,1021,1396,10
2437,1178,1401,155
2438,861,1351,535
2439,1348,1350,842
2440,535,1351,475
2441,534,1351,1347
2442,164,1379,1094
2443,961,1398,157
2444,1373,1437,1242
2445,993,1370,859
2446,39,1355,38
2447,6,1354,5
2448,72,1352,71
2449,105,1353,104
2450,1346,1352,185
2451,633,1356,1189
2452,178,1378,1061
2453,1008,1350,653
2454,475,1351,534
2455,109,1357,108
2456,842,1377,182
2457,884,1358,776
2458,596,1358,633
2459,117,1359,116
2460,863,1360,770
2461,116,1361,115
2462,931,1356,932
2463,952,1387,161
2464,930,1362,931
2465,858,1390,181
2466,148,1391,851
2467,1209,1364,585
2468,146,1376,1006
2469,763,1365,761
2470,110,1366,109
2471,973,1367,1058
2472,186,1353,105
2473,187,1354,6
2474,185,1352,72
2475,188,1355,39
2476,831,1369,771
2477,1189,1356,970
2478,953,1372,948
2479,832,1372,831
2480,833,1373,743
2481,764,1375,763
2482,828,1374,830
2483,1008,1360,1350
2484,984,1376,886
2485,182,1377,60
2486,59,1377,142
2487,810,1378,827
2488,812,1379,822
2489,897,1380,809
2490,47,1381,175
2491,148,1381,48
2492,68,1382,181
2493,191,1382,69
2494,42,1383,161
2495,61,1384,182
2496,149,1384,62
2497,1051,1385,821
2498,1344,1386,826
2499,40,1387,188
2500,161,1387,41
2501,1242,1388,766
2502,1323,1389,982
2503,181,1390,67
2504,66,1390,159
2505,180,1393,1081
2506,1005,1374,154
2507,1027,1375,149
2508,993,1391,50
2509,49,1391,148
2510,57,1436,863
2511,819,1398,961
2512,24,1394,23
2513,31,1395,30
2514,10,1396,9
2515,17,1397,16
2516,846,1399,844
2517,855,1400,854
2518,1020,1401,1178
2519,3,1405,70
2520,4,1403,103
2521,1,1402,136
2522,2,1404,37
2523,104,1403,4
2524,71,1405,3
2525,38,1404,2
2526,5,1402,1
2527,137,1373,944
2528,108,1357,164
2529,58,1436,57
2530,877,1428,1003
2531,917,1430,1021
2532,168,1425,18
2533,141,1424,25
2534,155,1426,11
2535,157,1423,32
2536,814,1427,853
2537,987,1429,988
2538,834,1370,833
2539,141,1413,854
2540,168,1412,844
2541,155,1419,1178
2542,31,1423,853
2543,24,1424,1003
2544,17,1425,988
2545,10,1426,1021
2546,1034,1371,1179
2547,776,1358,596
2548,167,1359,117
2549,166,1370,993
2550,770,1360,1008
2551,157,1421,961
2552,175,1369,1009
2553,633,1422,1356
2554,115,1361,146
2555,827,1363,856
2556,171,1362,930
2557,1179,1371,996
2558,1095,1367,1015
2559,931,1431,1356
2560,761,1365,860
2561,159,1365,1028
2562,190,1363,1152
2563,585,1364,1041
2564,859,1370,834
2565,154,1366,110
2566,1058,1367,897
2567,957,1368,955
2568,1356,1431,970
2569,953,1383,43
2570,771,1369,835
2571,863,1392,57
2572,1356,1422,932
2573,1042,1371,1344
2574,948,1372,832
2575,57,1392,56
2576,743,1373,1242
2577,170,1392,862
2578,864,1375,764
2579,830,1374,1323
2580,56,1392,170
2581,1003,1428,1394
2582,1021,1430,1396
2583,988,1429,1397
2584,1399,1425,168
2585,853,1427,1395
2586,1401,1426,155
2587,1400,1424,141
2588,1398,1423,157
2589,879,1393,808
2590,188,1368,1355
2591,983,1376,984
2592,60,1377,59
2593,808,1393,1349
2594,950,1383,953
2595,825,1378,810
2596,820,1379,812
2597,809,1380,879
2598,48,1381,47
2599,69,1382,68
2600,43,1383,42
2601,863,1436,1360
2602,62,1384,61
2603,821,1385,820
2604,826,1386,825
2605,41,1387,40
2606,766,1388,1264
2607,982,1389,983
2608,67,1390,66
2609,1358,1422,633
2610,50,1391,49
2611,862,1392,863
2612,1355,1404,38
2613,1352,1405,71
2614,1354,1402,5
2615,1353,1403,104
2616,1362,1431,931
2617,1349,1393,180
2618,23,1394,172
2619,30,1395,151
2620,9,1396,162
2621,16,1397,147
2622,853,1398,819
2623,1003,1400,855
2624,988,1399,846
2625,1021,1401,1020
2626,1323,1438,1389
2627,1242,1437,1388
2628,136,1402,190
2629,37,1404,192
2630,70,1405,191
2631,103,1403,189
2632,1209,1406,1364
2633,961,1421,960
2634,960,1432,958
2635,151,1427,1409
2636,147,1429,1420
2637,162,1430,1418
2638,172,1428,1408
2639,818,1419,1417
2640,1417,1419,1060
2641,1080,1414,1413
2642,1413,1414,967
2643,1129,1418,1415
2644,1415,1418,857
2645,857,1418,916
2646,1026,1420,1416
2647,817,1411,1409
2648,943,1412,168
2649,843,1411,817
2650,179,1414,1080
2651,854,1413,967
2652,139,1410,943
2653,926,1407,139
2654,1409,1411,924
2655,817,1409,1235
2656,176,1417,1060
2657,172,1408,926
2658,1416,1420,1145
2659,1410,1412,943
2660,1026,1416,176
2661,147,1420,1026
2662,162,1418,1129
2663,1178,1419,818
2664,1129,1415,187
2665,924,1411,179
2666,926,1408,1407
2667,815,1408,847
2668,1080,1413,141
2669,151,1409,924
2670,967,1414,843
2671,1407,1410,139
2672,816,1412,1410
2673,1407,1408,815
2674,1060,1419,155
2675,1218,1407,815
2676,844,1412,816
2677,816,1410,1218
2678,818,1417,848
2679,1145,1420,990
2680,848,1416,1145
2681,856,1415,857
2682,1218,1410,1407
2683,1416,1417,176
2684,848,1417,1416
2685,1411,1414,179
2686,843,1414,1411
2687,1409,1427,1235
2688,1420,1429,990
2689,1418,1430,916
2690,1408,1428,847
2691,1433,1434,957
2692,1432,1433,958
2693,1421,1432,960
2694,958,1433,957
2695,1004,1421,157
2696,932,1422,934
2697,32,1423,31
2698,25,1424,24
2699,18,1425,17
2700,11,1426,10
2701,847,1428,877
2702,1235,1427,814
2703,990,1429,987
2704,916,1430,917
2705,970,1431,971
2706,1004,1432,1421
2707,177,1432,1004
2708,177,1433,1432
2709,1139,1433,177
2710,1139,1434,1433
2711,192,1434,1139
2712,995,1406,1349
2713,142,1436,58
2714,174,1438,1005
2715,927,1437,137
2716,856,1435,1415
2717,189,1403,1353
2718,191,1405,1352
2719,190,1402,1354
2720,192,1404,1355
2721,1415,1435,187
2722,1360,1436,142
2723,934,1422,1358
2724,971,1431,1362
2725,187,1435,1354
2726,1364,1406,995
2727,1363,1435,856
2728,957,1434,1368
2729,1395,1427,151
2730,1396,1430,162
2731,1397,1429,147
2732,1394,1428,172
2733,853,1423,1398
2734,988,1425,1399
2735,1003,1424,1400
2736,1021,1426,1401
2737,1388,1437,927
2738,1389,1438,174
